BW,M1,M2,M3,M4,M5,M6,M7,M8,M9,M10,M11,M12,M13,M14
,0,0,0,0,0,0,0,0,0,0,0,0,0,0
50,1,1,1,1,1,1,1,1,1,1,1,1,1,1
54,1,1,1,1,1,1,1,1,1,1,1,1,1,0
49,0,1,1,1,1,1,1,1,1,1,1,1,1,1
41,0,0,0,0,0,0,0,0,0,0,0,0,0,0
36,1,1,1,1,1,1,1,1,1,1,1,1,1,1
48,0,0,0,0,0,0,0,0,0,0,0,0,0,0
37,0,0,0,0,0,0,1,1,1,1,1,1,1,1
55,1,1,1,1,1,1,1,1,1,1,1,1,1,0
42,0,0,0,0,0,0,0,0,0,0,0,0,0,0
46,0,0,0,0,0,0,0,0,0,0,0,0,0,0
39,0,0,0,0,1,1,1,1,1,1,1,1,1,1
58,1,1,1,1,1,1,1,1,1,1,1,1,0,0
56,1,1,1,1,1,1,1,1,1,1,1,1,1,0
44,0,0,0,0,0,0,0,0,0,0,0,0,0,0
60,1,1,1,1,1,1,1,1,1,1,1,1,1,1
70,1,1,1,1,1,1,1,1,1,1,1,0,1,1
62,0,0,0,0,0,1,1,1,1,1,1,1,1,1
48,0,0,0,0,0,0,0,0,0,0,0,0,0,0
51,0,0,0,0,0,0,0,0,0,0,0,0,0,0
48,0,0,0,0,0,0,0,0,0,0,0,0,0,0
44,0,0,0,0,0,0,0,0,0,0,0,0,0,0
71,1,1,1,1,1,1,1,1,1,1,1,1,1,1
49,0,0,0,0,0,1,1,1,1,1,1,1,1,1
40,0,0,0,0,0,0,0,0,0,0,0,0,1,1
51,1,1,1,1,1,1,0,0,0,0,0,0,0,0
43,0,0,0,0,0,0,0,0,0,0,0,0,0,0
63,1,1,1,1,1,1,1,1,1,1,1,1,1,1
62,1,1,1,1,1,1,1,1,1,1,1,1,1,1
71,1,1,1,1,1,1,1,1,1,1,1,1,1,1
52,1,1,1,1,1,1,1,1,1,1,1,1,1,1
47,0,0,0,0,0,0,0,0,0,0,0,0,0,0
56,0,0,0,0,0,0,0,1,1,1,1,1,1,1
53,0,0,0,0,0,0,0,0,0,1,1,1,1,1
50,1,1,1,1,1,1,1,1,1,0,0,0,0,0
71,1,1,1,1,1,1,1,1,1,1,1,1,1,1
53,0,0,0,0,0,0,0,0,0,0,0,0,0,0
57,0,1,1,1,1,1,1,1,1,1,1,1,1,0
41,0,0,0,0,0,0,0,0,0,0,0,0,0,0
30,0,0,0,0,0,0,0,0,0,0,0,0,0,0
56,1,1,1,1,1,1,1,1,1,1,1,1,1,1
59,1,1,1,1,1,1,1,1,1,1,1,1,1,1
60,0,0,0,0,0,0,1,1,1,1,1,1,1,1
46,1,1,1,1,1,1,1,1,1,1,1,1,1,1
50,0,0,0,0,0,0,0,0,0,0,0,0,0,0
49,1,1,1,1,1,1,1,1,1,1,1,1,1,1
71,0,1,1,1,1,1,1,1,1,1,1,1,1,1
55,0,0,0,0,0,0,0,0,0,0,0,0,0,0
52,0,0,0,0,0,0,0,1,1,1,1,1,1,1
44,0,0,0,0,0,0,0,0,0,0,0,0,0,0
35,1,1,1,1,1,1,1,1,1,1,1,1,1,1
57,1,1,1,1,1,1,1,1,1,1,1,1,1,0
54,0,0,0,0,0,0,0,0,0,0,0,0,0,0
62,1,1,1,1,1,1,1,1,1,1,1,1,1,1
49,1,1,1,1,1,1,1,1,1,1,1,1,1,1
59,0,0,1,1,1,1,1,1,1,1,1,1,1,1
35,0,0,0,0,0,0,0,0,0,0,0,0,0,0
43,0,0,0,0,0,0,0,0,1,1,1,1,1,1
45,0,0,0,0,0,0,0,0,0,0,0,0,0,0
44,0,0,0,0,1,1,1,1,1,1,0,1,1,0
47,0,0,0,0,0,0,0,0,0,0,0,0,0,0
51,0,0,0,0,0,0,0,0,0,0,0,0,0,0
50,0,0,0,0,0,0,0,0,0,0,0,0,0,0
44,0,0,0,0,0,0,0,0,0,0,0,0,0,0
44,0,0,0,0,0,0,0,0,0,0,0,0,1,1
49,0,1,1,1,1,1,1,1,1,1,1,1,1,0
43,0,0,0,0,0,0,0,0,0,0,0,0,0,0
45,0,0,0,0,0,0,0,0,0,0,0,0,1,1
53,0,0,0,0,0,0,0,0,0,0,0,0,0,1
42,0,0,0,0,0,0,0,0,0,0,1,1,1,1
43,1,1,1,1,1,1,1,1,1,1,1,1,1,1
58,1,1,1,1,1,1,1,1,1,1,1,1,1,1
36,0,0,0,0,0,0,0,0,0,0,0,0,0,0
51,1,0,0,0,0,0,0,0,0,0,0,0,0,0
47,1,1,1,1,1,1,1,1,1,1,1,1,1,1
68,1,1,1,1,1,1,1,1,1,1,1,1,1,0
56,1,1,1,1,1,1,1,1,1,1,1,1,1,1
56,1,1,1,1,1,1,1,1,1,1,1,1,1,1
69,1,1,1,1,1,1,1,1,1,1,1,1,1,1
46,1,1,1,1,1,1,0,0,0,0,0,0,0,0
52,1,1,1,1,1,1,1,1,1,1,1,1,1,1
43,1,0,0,0,0,0,0,0,0,0,0,1,1,1
40,0,0,0,0,0,0,0,0,0,0,0,0,1,1
79,1,1,1,1,1,1,1,1,1,1,1,1,1,1
57,0,0,0,0,0,0,0,1,1,1,1,1,1,1
43,1,1,1,1,1,1,1,1,1,1,1,1,1,1
56,0,0,0,0,0,0,0,0,0,0,0,0,0,0
40,0,0,0,0,0,0,0,0,0,0,0,0,0,0
44,0,0,0,0,0,0,0,0,0,0,0,0,0,0
40,0,0,0,0,0,0,0,0,0,0,0,0,0,0
66,0,0,0,0,0,0,0,0,0,0,0,0,1,1
32,0,0,0,0,0,0,0,0,0,0,0,0,0,0
45,0,0,0,0,0,0,0,0,0,0,0,0,0,0
45,1,1,1,1,1,0,0,0,0,0,0,0,0,0
53,0,0,0,0,0,0,0,0,0,0,0,0,0,0
48,0,0,0,0,0,0,0,1,1,1,1,1,1,0
36,0,0,0,0,0,0,1,1,1,1,1,1,1,1
50,0,0,0,0,0,0,0,0,0,0,0,0,0,0
56,0,0,0,0,0,0,0,0,0,0,0,0,0,0
50,0,0,0,0,0,0,0,0,0,0,0,0,0,0
45,1,1,1,1,0,0,0,0,0,0,0,0,0,0
43,1,1,1,0,0,0,0,0,0,0,0,0,0,0
37,0,0,0,0,0,0,0,0,0,0,0,0,0,1
35,1,0,0,0,0,0,0,0,0,0,0,0,0,0
